Workbook

Sheet 参照元チェックリスト
F1: ・下表に従い、ロジック変更シートの該当欄にも情報を記載すること
B2: 参照元チェックリスト
B4: 対象部品名： | C4: {=MID(CELL("filename"),FIND("_e",CELL("filename"))+1,FIND(".xls",CELL("filename"))-FIND("_e",CELL("filename"))-1)} -> eminj-acw-16-a-t
C6: 参照変数名 | D6: 対象IF | E6: (5) | F6: ◎ | G6: s2g_egoro_ekpfit
B7: No. | C7: チェック観点 | E7: チェック結果(判断理由) | P7: チェック結果(判断理由) | AA7: チェック結果(判断理由) | AL7: チェック結果(判断理由)
B8: 0 | C8: IF不整合が起きないか。 コンパイルSWが参照元と整合しているか（部品コンパイルSWと処理にかかっているコンパイルSWも確認） | D8: 変数 定数 | E8: [参照元] 部品全体コンパイルSW：【ﾃﾞｭｱﾙINJ】AND【6気筒】AND【ﾂｲﾝｾﾝｻ】 処理コンパイルSW：なし [自部品] 部品全体コンパイルSW：なし 処理コンパイルSW：【ｺﾞﾛｺﾞﾛ音対策仕様適用】 公開元(データ型)：s2 参照先(データ型)：s2 [IF不整合起きない理由] ejccでは、『(【V6】AND【過給器有】AND【ﾃﾞｭｱﾙINJ】AND【失火OBD有】)以外』時は、【ｺﾞﾛｺﾞﾛ音対策仕様非適用】となるためIF不整合は発生しない ※【V6】時は必ず【ﾂｲﾝｾﾝｻ】になる前提
B9: 1 | C9: 参照変数は本当に欲しかった挙動をする 信号か？挙動を全て把握したか ※参照元が他ドメイン仕様の場合は 確認した対象を明記すること ※参照元がCAN信号の場合、参照するIFの LSB、オフセットを確認すること (CAN受信時にオフセットを戻す処理を実施 する場合あり) | D9: 変数 定数
B10: 1-1 | C10: （補足1）参照変数の更新周期に対し、 自部品の参照周期が適切か | D10: 変数
B11: 1-2 | C11: （補足2）変数が更新されないタイミングや 条件を把握しているか | D11: 変数
B12: 1-3-1 | C12: （補足3-1）一周期遅れの変数を参照して いないか、参照していても問題ないか ※参照元に個別仕様を引き当てる場合は 機種担当者に処理順を確認すること | D12: 変数
B13: 1-3-2 | C13: （補足3-2）pwonで参照する場合、参照元が先にpwon処理を行うことを確認したか？ ※参照元に個別仕様を引き当てる場合は 機種担当者に処理順を確認すること | D13: 変数
B14: 1-4-1 | C14: CAN通信の信号か？ Yes/Noで回答 | D14: 変数 | E14: Yes or No
B15: 1-4-2 | C15: 初期値・フェイルセーフ(FS)値は？ フェイル時の処理がない場合は「なし」と記載する。 ※1-4-1がYesの場合(CAN信号の場合) FS値は通信途絶時とセンサフェイル時が異なる場合がある為、下記例の様に記載する ●外気温センサ信号の例 FS値(途絶時) ：-48℃ (フェイル時)：-45℃ | E15: ・初期値： ・FS値(途絶時)： ・FS値(フェイル時)：
B16: 1-4-3 | C16: （補足4）初期値・フェイルセーフ移行までの 値・フェイルセーフ値まで含めて、狙い通りに 参照出来ているか。問題無い理由を記載。 （参照箇所パスを記載し、参照先ごとに判断） フェイル時が「なし」の場合は、それで大丈夫な理由を記入する。
E17: ・ ・ ・ | P17: ・ ・ ・ | AA17: ・ ・ ・ | AL17: ・ ・ ・
B18: 1-5 | C18: （補足5）似たような参照変数について、 正しい変数を参照出来ているか | D18: 変数・定数
B19: 1-6 | C19: （補足6）変数を複数参照する場合、同時性 確保が必要となっている変数かどうかの 確認はしたか | D19: 変数
B20: 2 | C20: フォルダ間の参照ルールを順守しているか （参照可否ルール表を活用） | D20: 変数
B21: 3 | C21: エッジフラグの参照禁止 | D21: 変数
B22: 4 | C22: モード、パターン、ステップを参照していないか | D22: 変数
B23: 5 | C23: 調停器に要求を出していて、同じ調停器の 他要求ＩＤを見ていないか | D23: 変数
B24: 6 | C24: マルチコア時に別コアからの参照となるか？ | D24: 変数
B25: 6-1 | C25: ・マルチコアでコア跨ぎになっても遅れは 許容できるか ・マルチマイコンでマイコン跨ぎになっても 遅れは許容できるか | D25: 変数
B26: 6-2 | C26: マルチコアの場合に、別コアになる 参照元部品からの複数RAM参照がないか。 ある場合は同時性保証が必要か。 | D26: 変数
B27: 7 | C27: 同時に仕様発行予定になっていないか 公開元に確認しているか | D27: 変数 定数

Sheet 参照元チェックリストの説明
B2: 参照元チェックとは
B4: 概要・目的 | C4: 自部品で変数を参照しようとしたとき、自部品の該当ロジックが 間違った見方・使い方をしていないこと、 ルール通りに参照していることをチェックする
B5: チェック対象 | C5: 変数を参照している処理関数、機能毎にチェック
B6: チェックするタイミング | C6: ・変数を新規に参照した時 ・変数の参照方法を変更した時
B7: チェック方法 | C7: チェックリストを使用（仕様作成後、レビュー前に最終確認として実施）
B8: 運用方法 | C8: 仕様チェックリストの項目に、参照元チェック実施有無を追加。 結果は参照先チェックと同様にファイルをiSpiritにエビデンス登録する。
B28: 以下、狙いと事例集
D29: こころを書く（なぜ、点検をしないといけないか）
B30: No. | C30: チェック観点 | D30: なぜルール通りに見ないといけないかの真意 | E30: 事例
B31: =参照元チェックリスト!B8 -> 0 | C31: =参照元チェックリスト!C8 -> IF不整合が起きないか。 コンパイルSWが参照元と整合しているか（部品コンパイルSWと処理にかかっているコンパイルSWも確認） | D31: コンパイルSWによるIF不整合が発生しないようにする。 | E31: 初心者の方が参照IFのepatm_epatmについて【HAC有】の記載できず。ワード仕様の部品コンパイルSWを見逃し。DDでも抽出できない。
B32: =参照元チェックリスト!B9 -> 1 | C32: =参照元チェックリスト!C9 -> 参照変数は本当に欲しかった挙動をする 信号か？挙動を全て把握したか ※参照元が他ドメイン仕様の場合は 確認した対象を明記すること ※参照元がCAN信号の場合、参照するIFの LSB、オフセットを確認すること (CAN受信時にオフセットを戻す処理を実施 する場合あり) | D32: 参照変数を狙い通りのタイミングで参照する為に、最低限考えること
B33: =参照元チェックリスト!B10 -> 1-1 | C33: =参照元チェックリスト!C10 -> （補足1）参照変数の更新周期に対し、 自部品の参照周期が適切か | D33: 自部品の更新周期が参照側より遅いと、参照変数が 変化したタイミングを見落とす（変化をとらえられない）可能性がある | E33: ・参照変数：4msm更新、自部品：64msl更新により、 参照変数のON→OFF→ONのような変化をとらえられない ・噴射モードの算出を65ms低、噴射時期の算出を8ms低処理タイミングで実施 eminjの調停が8m中処理タイミングの場合、噴射モードと噴射時期の同時性 が保たれない（1-1.補足資料参照)
B34: =参照元チェックリスト!B11 -> 1-2 | C34: =参照元チェックリスト!C11 -> （補足2）変数が更新されないタイミングや 条件を把握しているか | D34: 更新されていない参照変数の値を見て誤判定しないようにする | E34: クランクアングル周期更新の変数を時間周期で参照する場合、値の更新遅れるENG低回転時は、値が更新されないENG停止時に参照していないか
B35: =参照元チェックリスト!B12 -> 1-3-1 | C35: =参照元チェックリスト!C12 -> （補足3-1）一周期遅れの変数を参照して いないか、参照していても問題ないか ※参照元に個別仕様を引き当てる場合は 機種担当者に処理順を確認すること | D35: 参照変数を最新値でなく前回値を見てしまうと、誤判定してしまうこともある 個別仕様で標準仕様と異なる処理順を指定している場合がある | E35: elmngの処理順は狙い通りか
B36: =参照元チェックリスト!B13 -> 1-3-2 | C36: =参照元チェックリスト!C13 -> （補足3-2）pwonで参照する場合、参照元が先にpwon処理を行うことを確認したか？ ※参照元に個別仕様を引き当てる場合は 機種担当者に処理順を確認すること | D36: 参照元のpwon処理が自部品pwon処理より後に実行される場合や、参照元のpwon処理がない場合は、意図通りの処理にならない可能性がある （NRAMの場合は「ゼロ」を参照、SRAMの場合は前回値参照） | E36: elmngの処理順は狙い通りか DMC車両でyacin_pwonの処理順をetranfwrd_pwonの後に指定。 etham_pwon(etranfrdmng_pwon内で処理)がyacin_yacthoを参照しているため意図通りの算出ができなかったが、処理順指定方法見直し（etha_pwon→yacin_pwon→etham_pwon）で対応
B37: =参照元チェックリスト!B16 -> 1-4-3 | C37: =参照元チェックリスト!C16 -> （補足4）初期値・フェイルセーフ移行までの 値・フェイルセーフ値まで含めて、狙い通りに 参照出来ているか。問題無い理由を記載。 （参照箇所パスを記載し、参照先ごとに判断） フェイル時が「なし」の場合は、それで大丈夫な理由を記入する。 | D37: 初期値やフェイルセーフ移行を見落とさないこと | E37: IG-ON→OFF時、参照元ECUのIGが先に落ち、通信途絶によりフェール値に 移行しても、問題ないよう設計されているか。 IG-OFF→ON時、通信開始されるまでの間は、初期値のままとなるが、 問題ないよう設計されているか。
B38: =参照元チェックリスト!B18 -> 1-5 | C38: =参照元チェックリスト!C18 -> （補足5）似たような参照変数について、 正しい変数を参照出来ているか | D38: 最新の値を狙い通りに参照する為の、最低限考えること | E38: ﾊﾞﾝｸ毎の値とﾊﾞﾝｸ平均値の正しい方を参照していなかった その他、似たような変数の事例を右表に記載。
B39: =参照元チェックリスト!B19 -> 1-6 | C39: =参照元チェックリスト!C19 -> （補足6）変数を複数参照する場合、同時性 確保が必要となっている変数かどうかの 確認はしたか | D39: 参照変数と自部品のタスク優先度が異なる場合、 参照変数が同時性確保が必要なことを理解して参照すること | E39: 参照変数の更新周期：ne30mで、自部品の処理周期：8mslの場合、 自部品が8mslで処理中に参照変数のne30m更新で割り込みがかかると、 参照側の同時性が崩れる
B40: =参照元チェックリスト!B20 -> 2 | C40: =参照元チェックリスト!C20 -> フォルダ間の参照ルールを順守しているか （参照可否ルール表を活用） | D40: 制御をスパゲッティ構造化させない為の、再構築ルール | E40: efunc同士で参照したり、estate,etranfwdが制御の流れに逆流して efuncを参照すると制御の独立性が悪化する
B41: =参照元チェックリスト!B21 -> 3 | C41: =参照元チェックリスト!C21 -> エッジフラグの参照禁止 | D41: 今後の仕様変更で算出タイミング変更したときに、参照しているエッジを 検出できるかどうかの確認が毎回確実にできる保証はない。 参照側で、参照している変数の変化をとらえるべき。 | E41: 940F処理負荷低減対応でeklgcndを65msl⇒131mslに変更。 eklgcndのエンスト時判定処理判定で参照するeisccndが65msl更新の為、 正常⇒エンストのエッジ検出ができず、エンスト時判定処理が実行できない。 暫定対応）etranmng内のeklgmng_131mslを65mslコールに変更
B42: =参照元チェックリスト!B22 -> 4 | C42: =参照元チェックリスト!C22 -> モード、パターン、ステップを参照していないか | D42: 内部の制御状態遷移に使う情報なので外部参照はさせない
B43: =参照元チェックリスト!B23 -> 5 | C43: =参照元チェックリスト!C23 -> 調停器に要求を出していて、同じ調停器の 他要求ＩＤを見ていないか | D43: 調停構造は要求元から調停結果に向けて一方向であるべきで、 要求元同士の横のやりとりは排除する（制御独立性を悪化させない） | E43: 部品AとBが調停器Xに要求を出していて、Bの要求を見てAも要求を出す構成だと、 正しい調停構造ではなくなる
B44: =参照元チェックリスト!B24 -> 6 | C44: =参照元チェックリスト!C24 -> マルチコア時に別コアからの参照となるか？ | D44: マルチコアに関する検討が漏れないように、新規IF参照時はコア配置が分かれるかを必ず確認すること
B45: =参照元チェックリスト!B25 -> 6-1 | C45: =参照元チェックリスト!C25 -> ・マルチコアでコア跨ぎになっても遅れは 許容できるか ・マルチマイコンでマイコン跨ぎになっても 遅れは許容できるか | D45: マルチコア：遅れ無し～1周期遅れで参照タイミングが変わるため、 遅れが発生して問題ある場合は同コアにする。 マルチマイコン：シリアル通信でRAM値受け渡しをしている分、 通信遅れが発生する | E45: mng部品で処理順序を管理してしなければならない部品群がコア跨ぎで 配置されることに気が付かず仕様発行したヒヤリ事例あり。処理順指示が 必要な部品は同一コアに配置する必要があるため注意すること。
B46: =参照元チェックリスト!B26 -> 6-2 | C46: =参照元チェックリスト!C26 -> マルチコアの場合に、別コアになる 参照元部品からの複数RAM参照がないか。 ある場合は同時性保証が必要か。 | D46: コアをまたいだ部品間で、同時性保証が必要な複数RAM参照がある場合は コア間排他を考慮したRAMの受け渡しが必要
B47: =参照元チェックリスト!B27 -> 7 | C47: =参照元チェックリスト!C27 -> 同時に仕様発行予定になっていないか 公開元に確認しているか | D47: 同時変更で、参照しようとしている変数に変化がないかは見落としがち | E47: 同時に発行し、公開変数が非公開に変更された
B51: １－１．補足資料
B85: ３．補足資料
B108: ６．補足資料
E113: ・各部品のコア配置は以下の資料を参照
E114: https://toyotajp.sharepoint.com/:f:/r/sites/msspo_ENG_share/Shared%20Documents/%E3%82%A8%E3%83%B3%E3%82%B8%E3%83%B3%E5%88%B6%E5%BE%A1%E5%85%B1%E6%9C%89/%E3%83%9E%E3%83%AB%E3%83%81%E3%82%B3%E3%82%A2%E5%AF%BE%E5%BF%9C/%E3%82%B3%E3%82%A2%E9%85%8D%E7%BD%AE%EF%BC%88%E5%8F%82%E8%80%83%EF%BC%89?csf=1&web=1&e=fw3Odb
E115: ※マトリクスには8コアまでのコア配置が記載されているが、
E116: 標準仕様発行時には2コアまでの検討で問題なし。
E120: ・マルチコア関連のルールは以下を参照
E121: Project/EM/GE/標準/標準関係帳票・資料/標準仕様雛型一式/30_マルチコア関連
E124: ・マルチマイコンについて、エンジンドメイン内は現状L3-Tのみで検討必要。
E125: 今後の標準としては、エンジンアプリがメイン/サブで分かれる配置となる
E126: 予定はないため検討不要。
E127: 他ドメインからの参照については適宜検討必要。

Sheet 記入例
P1: ・下表に従い、ロジック変更シートの次の欄にも情報を記載すること
B2: 参照元チェックリスト | E2: ※注意：本シートはあくまで記入例（書きっぷり）を示す記入例の為、色々な部品からの変数を集約しています。また、記載されている内容に関しては最新でない可能性があります。
B4: 対象部品名： | C4: 部品名をバージョン含めて記載
E5: ◎新規IF, ○本部品での参照が初, ●参照方法変更
C6: 参照変数名 | D6: 対象IF | E6: ◎ | F6: yacin_yactho | O6: (1) | P6: ○ | Q6: cchassis_rqsp4wd2 | Z6: (1) (2) | AA6: ● | AB6: ehvstate_exstp (hv_modid,hv_modid_fs) | AK6: (2) (3) | AL6: ○ | AM6: apim2if_prair | AV6: (2) (4) | AW6: ◎ | AX6: emnegd_CATOTPDL_MXSLOK | BG6: (4) | BH6: ○ | BI6: ednalccal_ednalcpi | BR6: (4) | BS6: ○ | BT6: eakg_eagknkrp | CC6: (5) | CD6: ○ | CE6: ethaim_exthaimf
B7: No. | C7: チェック観点 | E7: チェック結果(判断理由) | O7: チェック結果(判断理由) | Z7: チェック結果(判断理由) | AK7: チェック結果(判断理由) | AV7: チェック結果(判断理由) | BG7: チェック結果(判断理由) | BR7: チェック結果(判断理由) | CC7: チェック結果(判断理由)
B8: 0 | C8: IF不整合が起きないか。 コンパイルSWが参照元と整合しているか（部品全体コンパイルSWと処理にかかっているコンパイルSWも確認） | D8: 変数 定数 | E8: IF不整合が起きないため問題なし 参照元(部品CSW)： - 参照元(処理CSW)： 【外気温ｾﾝｻ有り】（YACJCC_JYACTAM == YACJCC_USE） 参照先(部品CSW)： - 参照先(処理CSW)： 【ﾀﾞｲﾊﾂ製ｴｱｺﾝ有】 ※【ﾀﾞｲﾊﾂ製ｴｱｺﾝ有】では【外気温ｾﾝｻ有り】に設定されることを確認済み 参照元データ型：s2 参照先データ型：s2（FLP化予定なし） | O8: [参照元] 【Frﾃﾞﾌ保護制御有】AND【19電子PF以降】 [自部品] 部品CSW：【EFI-ECUｱｸｾﾙ開度算出有】 処理CSW：【Frﾃﾞﾌ保護制御有】AND【19電子PF以降】 参照元(データ型)：u1 参照先(データ型)：u1 [IF不整合起きない理由] IF不整合は起きないため問題なし | Z8: [参照元] 部品全体コンパイルSW：【ALL HV】 処理コンパイルSW：なし [自部品] 部品全体コンパイルSW：なし 処理コンパイルSW： (1)(【PLUS6fｾﾝｻ】OR【ZFAS_U7ｾﾝｻ】)AND【ALL HV】 (2)【ALL HV】 公開元(データ型)：u1 参照先(データ型)：u1 [IF不整合起きない理由] (1)自部品での参照条件の方が公開条件より狭く、CSWの整合問題なし (2)公開条件と参照条件が同じCSWのため整合問題なし | AK8: [参照元] 部品全体コンパイルSW：なし 処理コンパイルSW：なし [自部品] 部品全体コンパイルSW：【HAC有】AND【吸気管圧力ｾﾝｻ有】 処理コンパイルSW：【ﾂｲﾝｲﾝﾏﾆ】 公開元(データ型)：s2/f4 参照先(データ型)：f4 [IF不整合起きない理由] 公開元のIFは【ﾂｲﾝｲﾝﾏﾆ】の時のみ存在するIFであることを確認済。 IF不整合は起きないため問題なし。 | AV8: [参照元] 部品全体コンパイルSW：なし 処理コンパイルSW：【ALL HV】AND(【FFV制御有】OR【D-4】OR【ﾃﾞｭｱﾙINJ】) ※ [自部品] 部品全体コンパイルSW：【EG-MG遊星ｷﾞｱ】AND(【FFV制御有】OR【D-4】OR【ﾃﾞｭｱﾙINJ】) 処理コンパイルSW：なし 公開元(データ型)：u1 参照先(データ型)：u1 [IF不整合起きない理由] ⇒IF不整合の懸念なし。 ※本IFは同時採用部品として新設予定で、今回は限定標準のため条件を限定したが、【ALL HV】で設定の予定で記載。 | BG8: [参照元] 部品CSW：【FFV制御有】 公開CSW：【ﾃﾞｭｱﾙINJ】OR【ﾎﾟｰﾄ】 [自部品] 部品CSW：【ﾃﾞｭｱﾙINJ】OR【D-4】 処理CSW：【FFV制御有】AND【ﾃﾞｭｱﾙINJ】 公開元(データ型)：s2/f4 参照先(データ型)：f4 [IF不整合起きない理由] 参照条件の方が限定、型も合っているため、IF不整合は起きないため問題なし | BR8: [参照元] 部品全体コンパイルSW：なし 公開コンパイルSW：なし （ただし、部品全体コンパイルSWとして記載はないが、【ﾒｯｼｭｸﾞﾘｯﾄﾞ有】時にac1版でのみ公開） [自部品] 部品全体コンパイルSW：なし 参照コンパイルSW【ﾒｯｼｭｸﾞﾘｯﾄﾞ有】 公開元(データ型)：s2/f4 参照先(データ型)：f4 [IF不整合起きない理由] 公開条件と参照条件が合っており、型も合っているので、IF不整合は起きないため問題なし | CC8: [参照元] 部品全体コンパイルSW：なし 公開コンパイルSW：なし [自部品] 部品全体コンパイルSW：なし 参照コンパイルSW：なし 公開元(データ型)：u1 参照先(データ型)：u1 [IF不整合起きない理由] 公開条件と参照条件が合っており、型も合っているので、IF不整合は起きないため問題なし
B9: 1 | C9: 参照変数は本当に欲しかった挙動をする 信号か？挙動を全て把握したか ※参照元が他ドメイン仕様の場合は 確認した対象を明記すること ※参照元がCAN信号の場合、参照するIFの LSB、オフセットを確認すること (CAN受信時にオフセットを戻す処理を実施 する場合あり) | D9: 変数 定数 | E9: 外気温センサ値として参照。 ダイハツ個別仕様（yacin-azz-40-a-D34T5）およびD55E引き当てのgatamのCソースにて挙動確認。 意図通りの処理であることを確認済み。 | O9: 車速制限を拡大する本機能のために新設した信号のため問題なし LSB：1 オフセット：0(zcidでｵﾌｾｯﾄ処理済み) | Z9: HVの始動要求無判定に使用、意図通りの参照で問題なし | AK9: 吸気管相対圧力、相対圧力調整値算出のため、サージタンク圧力2を参照。 | AV9: 燃料希釈時の要求下限回転数の調停許可値として意図通りのため問題なし。 | BG9: 挙動の確認済み | BR9: 燃料性状によって変化する、学習値の平均代表値であり、意図通りの参照で問題なし | CC9: 吸気温ｾﾝｻﾌｪｲﾙ時にONとなるフラグであり、意図通りの参照で問題なし
B10: 1-1 | C10: （補足1）参照変数の更新周期に対し、 自部品の参照周期が適切か | D10: 変数 | E10: 公開：pwon、4sl 自部品：pwon、65msl 参照周期が更新周期より短いが、外気温ｾﾝｻ値は急変せず、変化を見ていないため問題なし | O10: 公開：32ms 参照：65ms 問題なし。 ※65msの遅れは許容範囲 | Z10: 公開：8msm 参照：(1)32msl (2)16msl 常に最新の値を参照するため問題なし | AK10: 公開：pwon,4msm 参照：pwon,4msm 常に最新の値を参照するため問題なし。 | AV10: 定数の為、対象外。 | BG10: 更新：pwon, 32ms 参照：8msm 参照周期が更新周期より短く、最新値を取得しているため、問題なし | BR10: 更新周期16msl 参照周期8msm 参照周期の方が細かく問題なし | CC10: 更新周期65ms 参照周期8msm 参照周期の方が細かく問題なし
B11: 1-2 | C11: （補足2）変数が更新されないタイミングや 条件を把握しているか | D11: 変数 | E11: 常時更新のため問題なし | O11: 常時更新のため問題なし。 | Z11: 常時更新のため問題なし | AK11: 常時更新のため、問題なし。 | AV11: 定数の為、対象外。 | BG11: 常時更新のため、問題なし | BR11: eknkf_exkcstf（KCSｼｽﾃﾑ本異常）またはenef_exneprcl（NE信号精度低下状態ﾌﾗｸﾞ）がONの時、更新されないが、1-4に記載の通り対策済みで問題なし。 | CC11: 常時更新
B12: =参照元チェックリスト!B12 -> 1-3-1 | C12: （補足3-1）一周期遅れの変数を参照して いないか、参照していても問題ないか ※参照元に個別仕様を引き当てる場合は 機種担当者に処理順を確認すること | D12: 変数 | E12: 65msl参照では処理順考慮不要 （公開元算出周期の方が長く、センサ値は短時間で急変しないため） | O12: 問題なし。 ※車速制限は、駆動力を徐変させて落として、実現する機能であり、65ms遅れたとしても問題なし。 | Z12: 公開：8msm 参照：(1)32msl (2)16msl 常に最新の値を参照するため問題なし | AK12: 一周期遅れで変数を参照しても誤判定を行うことは無いため、問題なし。 | AV12: 定数の為、対象外。 | BG12: 更新後の値を参照しているため、問題なし | BR12: 1周期遅れだが、機敏に変化する変数でないうえ、8msでの変化も求めていないため問題なし | CC12: 1周期遅れでない
B13: 1-3-2 | C13: （補足3-2）pwonで参照する場合、参照先が先にpwon処理を行うことを確認したか？ ※参照元に個別仕様を引き当てる場合は 機種担当者に処理順を確認すること | D13: 変数 | E13: ダイハツYドメインにて処理順指定（ethw_pwon→yacin_pwon→etham_pwon）により最新値を参照しているため、問題なし ※pwon参照ない場合は、「pwon参照なし」と書く | O13: pwonでの参照無し | Z13: pwonでは参照していない
B14: 1-4-1 | C14: CAN通信の信号か？ Yes/Noで回答 | D14: 変数 | E14: Yes | O14: Yes | Z14: Yes | AK14: No | AV14: 定数の為、対象外。 | BG14: No | BR14: No | CC14: No
B15: 1-4-2 | C15: 初期値・フェイルセーフ(FS)値は？ フェイル時の処理がない場合は「なし」と記載する。 ※1-4-1がYesの場合(CAN信号の場合) FS値は通信途絶時とセンサフェイル時が異なる場合がある為、下記例の様に記載する ●外気温センサ信号の例 FS値(途絶時) ：-48℃ (フェイル時)：-45℃ | O15: 初期値：230(制限要求無し) FS値(途絶時)：230(制限要求無し) FS値(フェイル時)：なし | Z15: 初期値：0 FS値(途絶時)： ・PLバスのみ途絶時：hv_modid_fs参照に切り替わり正常時と同じ処理を実施。 ・P・PLバス両方途絶時：OFF（hv_modid,hv_modid_fsの通信途絶時は0：エンジン停止状態 となるので、ehvstate_exstpとしてはOFFになる） FS値(フェイル時)：なし | AK15: 初期値：パワーON時の算出値 FS値：なし | AV15: 定数の為、対象外。 | BG15: 初期値：ednalccal_ednalcpim(ﾎﾟｰﾄ噴射部平均ｴﾀﾉｰﾙ濃度(ﾊﾞｯｸｱｯﾌﾟ用)) FS値：なし | BR15: 初期値：0（ただし、初回処理でSRAMﾍﾞｰｽの算出結果を反映） FS値：なし | CC15: 初期値：0 FS値：なし
B16: 1-4-3 | C16: （補足4）初期値・フェイルセーフ移行までの 値・フェイルセーフ値まで含めて、狙い通りに 参照出来ているか。問題無い理由を記載。 （参照箇所パスを記載し、参照先ごとに判断） フェイル時が「なし」の場合は、それで大丈夫な理由を記入する。 | E16: pwon処理： ・前トリップ水温とpwon後水温の差が所定値未満のとき：前トリップ終了時外気温を公開 （ソーク時間短、エンジン受熱を考慮して外気温を更新しない） ・前トリップ水温とpwon後水温の差が所定値以上のとき：外気温センサ値を公開 （ソーク時間長、エンジン受熱影響ないため、センサ値で外気温を更新） フェイルセーフ値： ・gatam_gaxftam=ON時にyacin_yactho←-45℃（外気温センサ電圧レンジ外れ時にgaxftam←ON(即時)） （fbody_yacambのフェイル値と同値） センサ正常時処理： ・低車速時：センサ値が上がっても高温側には更新しない（エンジン受熱影響考慮） ・低車速でないとき：高温側更新は加算徐変を行う（1℃/200秒相当） | O16: 狙い通り参照できている。 ※CAN途絶中に不要な車速制限が入らない側になっている。 1000msごとに車速を徐変して制限する機能なので、IGON時のCAN途絶中（300ms）や走行中の瞬断に対して余裕あり。 また、既存RAM(cchassis_yrqsp4wd)【15電子PF以前】も同様な設定となっており市場実績あり。 | Z16: フェイル時、参照箇所の他条件が不成立となるため、処理が動作することはなく、意図通り参照できているため問題なし。 | AK16: epim_expimfを参照してフェール値を出力する処理をするため、問題なし。 | AV16: 定数の為、対象外。 | BG16: エタノール濃度センサを使用してポート噴射部の濃度を推定 噴射時期切り替わり時増量係数算出マップ、ピストン温度判定値、ボア温度判定値のマップ引数として使用 狙い通り参照出来ており、問題なし | BR16: ﾉｯｸｾﾝｻﾌｪｲﾙ時およびNEｾﾝｻﾌｪｲﾙ時には、KCSｼｽﾃﾑﾌｪｲﾙ（eknkf_exkcstf＝ON）となり、更新されなくなり、実際の点火に反映される学習値と乖離する。 その結果、KL制限したい領域で制限できなくなる場合があるため、eknkf_exkcstf＝ON時は安全側（ﾉｯｸならない側）に倒れるよう定数設定済み 問題なし | CC16: ｾﾝｻﾌｪｲﾙ時にONとなるﾌﾗｸﾞで、意図通りであり問題なし
E17: ・esimtham_c020a/esimtham/vdg_esimtham_pwon_seq/vds_esimthamini_latch/vds_esimtham_dmcacini_cal ・esimtham_c020a/esimtham/vdg_esimtham_65msl_seq/vds_esimtham_thamaccan_cal/vds_esimtham_latch/vds_esimtham_dmcac_cal | O17: ・３－３ | Z17: ・esimtimpm_c011a/esimtimpm/vdg_esimtimpm_32msl_cal/vds_esimtimpm_plus6f_cal/vds_esimtimpm_batstate_jdg/vds_esimtimpm_egstahv_cal | AK17: ・esimpimr_c011a/esimpimr/vdg_esimpimr_pwon_seq/vds_esimpimr_pwontwin_set ・esimpimr_c011a/esimpimr/vdg_esimpimr_4msm_seq/esimpimr_epimr_cal/vds_esimpimr_lchtwin ・esimpimr_c011a/esimpimr/vdg_esimpimr_4msm_seq/esimpimr_epimr_cal/esimpimr_return_cal/vds_esimpimr_returntwin_cal ・esimpimr_c011a/esimpimr/vdg_esimpimr_4msm_seq/esimpimr_epimr_cal/vds_esimpimr_epimr_epadj_cal/vds_esimpimr_epadjtwin_cal/esimpimr_epadj2_jdg | BG17: esimfinjtchg_c000a/esimfinjtchg/vdg_esimfinjtchg_efinjtchg_get/esimfinjtchg_lch/vds_esimfinjtchg_ffv_lch | BR17: ・vdg_esimkcsklgd_8msm_cal | CC17: ・vdg_esimkcsklgd_8msm_cal
B18: 1-5 | C18: （補足5）似たような参照変数について、 正しい変数を参照出来ているか | D18: 変数・定数 | E18: 外気温センサ値としてPFからの公開値（gatam_gatamsm）があるが、エンジン受熱により「gatam_gatamsm≫実外気温」となる可能性があるためyacin_yacthoを参照（【AC-CAN通信】で参照するfbody_yacambも参照元（エアコンECU）に同等の処理あり）。 センサフェイル状態もPFからの公開値（gatam_gaxftam）があるが、更新周期がyacin_yacthoと異なり（65msl）、適切な外気温が算出できないためyacthoのフェイル値からフェイル状態判定。 | O18: 問題なし。 ※類似変数のcchassis_yxsp4wdは、【15電子PF以前】であり、【19電子PF以降】は本RAMのみ。 | Z18: 類似した変数は無し | AK18: サージタンク圧力2として意図した情報を参照しているため問題なし。 | AV18: 燃料希釈時の要求下限回転数の調停許可値として意図通りの参照をしているため、問題なし。 | BG18: 運転領域等によって変化するeakg_eagknkx（ﾉｯｸ補正学習値（反映値））ではなく、代表平均値を参照したく、正しい変数参照できている | BR18: 運転領域等によって変化するeakg_eagknkx（ﾉｯｸ補正学習値（反映値））ではなく、代表平均値を参照したく、正しい変数参照できている | CC18: 過給器有無によって切り替える前のetha_ethafとethim_ethimfと区別できており問題なし
B19: 1-6 | C19: （補足6）変数を複数参照する場合、同時性 確保が必要となっている変数かどうかの 確認はしたか | D19: 変数 | E19: 同時性保証が必要な変数はない | O19: big_cchassis_yxsp4wdと同時性確保が必要。 ※既存RAMcchassis_yxsp4wdと同様に実装する。 | Z19: ehvstate_exevとehvstate_exstpを参照しているが、同時性保証は不要 | AK19: 同一IFを複数個所で参照：複数参照ありだが、別タスクおよびラッチ化しているため、問題なし。 同一部品からの参照IFを複数種類参照：複数参照ありだが、同時性保証は不要。 | AV19: 定数の為、対象外。 | BG19: 他の参照変数で同時性保証が必要なものはないため、問題なし | BR19: 複数参照なし | CC19: 複数参照あり ﾌｪｲﾙ時には吸気温を定数に切り替えるのみのため同時性保証不要
B20: 2 | C20: フォルダ間の参照ルールを順守しているか （参照可否ルール表を活用） | D20: 変数 | E20: 他ドメイン公開値だが、参照して問題ないことを確認済み（センサ値相当のため） | O20: 公開元：zcan 自部品：eptm 問題なし。 | Z20: ○estate → efunc | AK20: 他ドメインからの参照のため、フォルダ間の参照ルールは対象外。 | AV20: 定数の為、対象外。 | BG20: etranfwd→etran 問題なし | BR20: etran→efunc参照であるが、自身の要求を含んだｱｸﾁｭｴｰﾀ制御量を参照しているわけではなく、機敏には動かない学習値の代表平均値を参照しており問題なし | CC20: estate→efunc参照で問題なし
B21: 3 | C21: エッジフラグの参照禁止 | D21: 変数 | E21: エッジではないため、問題なし | O21: エッジフラグでないため問題なし | Z21: エッジフラグではないため問題なし | AK21: エッジフラグでないため、問題なし。 | AV21: 定数の為、対象外。 | BG21: エッジフラグでない | BR21: エッジフラグでない | CC21: エッジフラグでない
B22: 4 | C22: モード、パターン、ステップを参照していないか | D22: 変数 | E22: モード、パターン、ステップでないため問題なし | O22: モード、パターン、ステップでないため、問題なし | Z22: モード、パターン、ステップではないため問題なし | AK22: モード、パターン、ステップでないため、 問題なし。 | AV22: 定数の為、対象外。 | BG22: モード、パターン、ステップでない | BR22: モード、パターン、ステップでない | CC22: モード、パターン、ステップでない
B23: 5 | C23: 調停器に要求を出していて、同じ調停器の 他要求ＩＤを見ていないか | D23: 変数 | E23: 調停器に要求を出していない | O23: 調停器に要求を出していない為、対象外。 | Z23: 調停器への要求ではない | AK23: 調停器に要求を出していないため、問題なし。 | AV23: 定数の為、対象外。 | BG23: emkrichbに要求を出しているが、emkrichbのIDを参照していないため、問題無し | BR23: emklgdの他要求ＩＤを見ていない | CC23: emklgdの他要求ＩＤを見ていない
B24: 6 | C24: マルチコア時に別コアからの参照となるか？ | D24: 変数 | E24: 公開：core0 参照：core0 | O24: No | Z24: No | AK24: 公開：core0 参照：core1 別コアの参照となる | AV24: 定数の為、対象外。 | BG24: 公開：core0 参照：core0 別コアの参照とならない | BR24: 公開：core0 参照：core1 別コアの参照となる | CC24: 公開：core0 参照：core0 別コアの参照とならない
B25: 6-1 | C25: ・マルチコアでコア跨ぎになっても遅れは 許容できるか ・マルチマイコンでマイコン跨ぎになっても 遅れは許容できるか | D25: 変数 | E25: 同一コアのため問題なし | O25: 元々別ECUからのCAN受信であるため、問題なし | Z25: 参照元部品が同一コアのため問題なし | AK25: シビアなタイミング同期を狙っていないため、許容できる。 | AV25: 定数の為、対象外。 | BG25: 問題なし | BR25: 機敏には動かない学習値の代表平均値であるため、遅れ許容できる | CC25: 問題なし
B26: 6-2 | C26: マルチコアの場合に、別コアになる 参照元部品からの複数RAM参照がないか。 ある場合は同時性保証が必要か。 | D26: 変数 | E26: － | O26: 元々別ECUからのCAN受信であるため、問題なし | Z26: 参照元部品が同一コアのため問題なし | AK26: 参照元部品からの複数RAM参照ありだが、同時性保証は不要。 | AV26: 定数の為、対象外。 | BG26: 問題なし | BR26: 複数参照なし | CC26: 問題なし
B27: 7 | C27: 同時に仕様発行予定になっていないか 公開元に確認しているか | D27: 変数 定数 | E27: 発行予定なし | O27: 同時発行予定なし | Z27: 同時仕様発行予定なし | AK27: 同時発行予定（同時変更するが、参照IFには影響無いことを確認済み） | AV27: 同時採用部品。直近はフリーポートで対応。次回メジャーで追加予定。 | BG27: 発行済み | BR27: 同時発行予定なし | CC27: 同時発行予定なし

Sheet 変更履歴
B2: 日付 | C2: Ver. | D2: 変更内容 | E2: 変更者
C3: ver1.00 | D3: 新設
B4: 43818 | C4: ver2.00 | D4: 6-2：マルチコアの同時性保証要否を追加 | E4: 24F5G花井
B5: 44097 | C5: ver2.01 | D5: 確認欄と参照変数のNoを廃止 | E5: 24F5G郷
B6: 44162 | C6: Ver2.02 | D6: 参照元チェックリストの説明追加(1-1.) | E6: 24F5G杉本
B7: 44763 | C7: Ver2.03 | D7: 0:コンパイルSW不整合に関する観点 6:マルチコアに関する観点 を追加。「参照先チェックリストの説明」シート加筆 | E7: 24F5G内藤
B8: 44818 | C8: Ver2.04 | D8: 「参照元チェックリストの説明」シート修正。 ・位置付けの図を削除。 ・他ドメインの仕様書・データマスターシートの場所を追記。 ・1-4に事例を追記。 | E8: 24F5G加地
B9: 44880 | C9: Ver2.05 | D9: ・参照変数名をロジ変シート（１０－１．変化点に対する参照元チェック） の表からコピー＆ペーストできるようフォーマット修正 ・0:コンパイルSW不整合に関する観点の行下に罫線追加 ・「参照元チェックリストの説明」シート 窓口担当追記 | E9: 24F5G加地 24F5G村上
B10: 45107 | C10: Ver2.06 | D10: ・「参照元チェックリストの説明」シート 似た様な変数の事例、HEG-EHV通信確認シート確認 を追加 ・「記入例」シートを追加 ・1-4 CAN信号の場合のFS値の書き方を追記。 ・各項目の対象(変数/定数)を追加 | E10: 24F5G加地 24F5G村上
B11: 45226 | C11: Ver2.07 | D11: ・1-3を1-3-1、1-3-2に分離し、個別仕様引き当て時の注意事項を追記（「記入例」に事例追加） ・1 に他ドメイン参照時の対応を追記 ・「参照元チェックリストの説明」シート -elmngefi集約場所追記、「似たような変数の例」追記 | E11: 24F5G勝俣 24F5G加地
B12: 45478 | C12: Ver2.08 | D12: ・1 にCAN参照時の注意を追記、「記入例」シートのCANの例も対応したものに修正 ・「参照元チェックリストの説明」シート コア配置の資料のリンクを更新 | E12: EPF5-3G八木橋 EPF5-3G村上
B13: 45687 | C13: Ver2.09 | D13: ・1-4を、CAN信号かどうか、初期値FS値の記載、狙い通り参照しているか、で記載欄を分割。 ・0の書き方を統一するため、ひな形を記載。 ・記入例の誤記修正。↑の追加に合わせた記載に修正。 | E13: EPF5-3G加地
B14: 45769 | C14: Ver2.10 | D14: ・対象部品名のセルをファイル名からの自動入力に変更。 | E14: EPF5-3G井上
B15: 45806 | C15: Ver2.11 | D15: ・ロジック変更シートの項番を記入するように変更。 ・ロジック変更シートから変数の一覧を削除した事に伴い、IF種別による記載内容の表をロジック変更シートから移動。 | E15: EPF5-3G井上

Sheet 挿入図
C2: １０．参照元チェック ≪ 同時採用の必要な部品及び、 本部品のみ採用時対応方法 ≫ | D2: １１．実装用IF情報
B3: ◎新規IF | C3: 要 | D3: 要（Word仕様のみ、Sim仕様なら不要）
B4: ○本部品での参照が初 | C4: 引き当て指示必要なら記載(※) | D4: 不要
B5: ●参照方法変更 | C5: 不要 | D5: 不要
C7: ※水温ethwや回転数ene、【ENG油温ｾﾝｻ有】機種でのetheoなど必ず引き当たるものは記載不要
